<?xml version="1.0"?>
<ruleset name="MMPI API PHPMD rule set"
         xmlns="http://pmd.sf.net/ruleset/1.0.0"
         xmlns:xsi="http://www.w3.org/2001/XMLSchema-instance"
         xsi:schemaLocation="http://pmd.sf.net/ruleset/1.0.0
                     http://pmd.sf.net/ruleset_xml_schema.xsd"
         xsi:noNamespaceSchemaLocation="
                     http://pmd.sf.net/ruleset_xml_schema.xsd">
    <description>
        My custom rule set that checks my code...
    </description>

    <rule ref="rulesets/cleancode.xml/StaticAccess" >
        <properties>
            <property name="exceptions" value="
                \Illuminate\Support\Facades\DB,
                \Illuminate\Support\Facades\Schema"
            />
        </properties>
    </rule>

    <rule ref="rulesets/naming.xml/ShortVariable">
        <properties>
            <property name="exceptions" value="id,e" />
        </properties>
    </rule>

</ruleset>
